<?xml version="1.0"?>
<!-- 
/**
* Copyright © 2015 PlazaThemes.com. All rights reserved.

* @author PlazaThemes Team <contact@plazathemes.com>
*/
-->
<config xmlns:xsi="http://www.w3.org/2001/XMLSchema-instance" xsi:noNamespaceSchemaLocation="../../../Config/etc/system_file.xsd">
    <system>
        <tab id="plaza" translate="label" sortOrder="400">
            <label>Plazathemes</label>
        </tab>
        <section id="brandslider" translate="label" type="text" sortOrder="300" showInDefault="1" showInWebsite="1" showInStore="1">
            <class>separator-top</class>
            <label>Brand Slider</label>
            <tab>plaza</tab>
            <resource>Plazathemes_Brandslider::config_brandslider</resource>
            <group id="general" translate="label" type="text" sortOrder="5" showInDefault="1" showInWebsite="1" showInStore="1">
                <label>General</label>
                <field id="enable_frontend" translate="label comment" type="select" sortOrder="0"  showInDefault="1" showInWebsite="1" showInStore="1">
                    <label>Enable</label>
                    <comment>Enable frontend</comment>
                    <source_model>Magento\Config\Model\Config\Source\Yesno</source_model>
                </field>
				<!--<field id="title" translate="label" type="text" sortOrder="2" showInDefault="1" showInWebsite="0" showInStore="0">
                    <label>Title Brand</label>
                </field>-->
				<field id="auto" translate="label comment" type="select" sortOrder="4"  showInDefault="1" showInWebsite="1" showInStore="1">
                    <label>Auto slide:</label>
                    <source_model>Magento\Config\Model\Config\Source\Yesno</source_model>
					<backend_model>Plazathemes\Brandslider\Model\Config\Backend\Validate</backend_model>
                </field>
				<field id="speed" translate="label" type="text" sortOrder="6" showInDefault="1" showInWebsite="0" showInStore="0">
					<depends>
						<field id="auto">1</field>
					</depends>
                    <label>Slideshow Speed</label>
                </field>
				<field id="pagination" translate="label" type="text" sortOrder="7" showInDefault="1" showInWebsite="0" showInStore="0">
                    <label>Pause Speed</label>
                </field>
				<field id="qty" translate="label" type="text" sortOrder="8" showInDefault="1" showInWebsite="0" showInStore="0">
                    <label>Qty of Items</label>
                </field>

				<field id="rows" translate="label" type="text" sortOrder="20" showInDefault="1" showInWebsite="1" showInStore="0">
                    <label>Number Rows Show</label>
                </field>
				<field id="show_description" translate="label comment" type="select" sortOrder="22"  showInDefault="1" showInWebsite="1" showInStore="1">
                    <label>Show Description</label>
                    <source_model>Magento\Config\Model\Config\Source\Yesno</source_model>
                </field>
				<field id="show_next_back" translate="label comment" type="select" sortOrder="24"  showInDefault="1" showInWebsite="1" showInStore="1">
                    <label>Show Next/Back control</label>
                    <source_model>Magento\Config\Model\Config\Source\Yesno</source_model>
                </field>
				<field id="show_navigation_control" translate="label comment" type="select" sortOrder="26"  showInDefault="1" showInWebsite="1" showInStore="1">
                    <label>Show navigation control</label>
                    <source_model>Magento\Config\Model\Config\Source\Yesno</source_model>
                </field>
            </group>
        </section>
    </system>
</config>
