<?xml version="1.0"?>
<!--
/**
 * Mageplaza
 *
 * NOTICE OF LICENSE
 *
 * This source file is subject to the Mageplaza.com license that is
 * available through the world-wide-web at this URL:
 * https://www.mageplaza.com/LICENSE.txt
 *
 * DISCLAIMER
 *
 * Do not edit or add to this file if you wish to upgrade this extension to newer
 * version in the future.
 *
 * @category    Mageplaza
 * @package     Mageplaza_AbandonedCart
 * @copyright   Copyright (c) Mageplaza (https://www.mageplaza.com/)
 * @license     https://www.mageplaza.com/LICENSE.txt
 */
-->
<config xmlns:xsi="http://www.w3.org/2001/XMLSchema-instance" xsi:noNamespaceSchemaLocation="urn:magento:module:Magento_Config:etc/system_file.xsd">
    <system>
        <section id="abandonedcart" translate="label" type="text" sortOrder="300" showInDefault="1" showInWebsite="1" showInStore="1">
            <label>Abandoned Cart Email</label>
            <tab>mageplaza</tab>
            <resource>Mageplaza_AbandonedCart::configuration</resource>
            <group id="general" translate="label" type="text" sortOrder="10" showInDefault="1" showInWebsite="1" showInStore="1">
                <label>General Configuration</label>
                <field id="enabled" translate="label comment" type="select" sortOrder="10" showInDefault="1" showInWebsite="1" showInStore="1">
                    <label>Enable</label>
                    <source_model>Magento\Config\Model\Config\Source\Yesno</source_model>
                    <comment>Select Yes to enable this module.</comment>
                </field>
                <field id="email" translate="label comment" type="select" sortOrder="20" showInDefault="1" showInWebsite="1" showInStore="1">
                    <label>Email</label>
                    <frontend_model>Mageplaza\AbandonedCart\Block\Adminhtml\Config\Backend\Email</frontend_model>
                    <backend_model>Magento\Config\Model\Config\Backend\Serialized\ArraySerialized</backend_model>
                    <comment>E.g, 1d 4h. This means emails will be sent to customers after the carts have been abandoned for 1 day and 4 hours </comment>
                </field>
                <field id="test_email" translate="label comment" type="text" sortOrder="30" showInDefault="1" showInWebsite="1" showInStore="1">
                    <label>Send Test Email To</label>
                    <validate>validate-email</validate>
                </field>
                <field id="send_subscribed_only" translate="label comment" type="select" sortOrder="10" showInDefault="1" showInWebsite="1" showInStore="1">
                    <label>Send Emails to Subscribers Only</label>
                    <source_model>Magento\Config\Model\Config\Source\Yesno</source_model>
                </field>
                <field id="reindex" translate="label comment" sortOrder="40" showInDefault="1" showInWebsite="1" showInStore="0">
                    <button_label>Reindex</button_label>
                    <button_url>abandonedcart/indexer/reindex</button_url>
                    <frontend_model>Mageplaza\AbandonedCart\Block\Adminhtml\System\Config\Button</frontend_model>
                    <comment><![CDATA[Reindex reports tables data.]]></comment>
                </field>
            </group>
            <group id="analytics" translate="label" type="text" sortOrder="20" showInDefault="1" showInWebsite="1" showInStore="1">
                <label>Analytics</label>
                <field id="enabled" translate="label comment" type="select" sortOrder="1" showInDefault="1" showInWebsite="1" showInStore="1">
                    <label>Enable</label>
                    <source_model>Magento\Config\Model\Config\Source\Yesno</source_model>
                </field>
                <field id="source" translate="label comment" type="text" sortOrder="10" showInDefault="1" showInWebsite="1" showInStore="1">
                    <label>Campaign Source</label>
                    <depends>
                        <field id="enabled">1</field>
                    </depends>
                    <validate>required-entry</validate>
                </field>
                <field id="medium" translate="label comment" type="text" sortOrder="20" showInDefault="1" showInWebsite="1" showInStore="1">
                    <label>Campaign Medium</label>
                    <depends>
                        <field id="enabled">1</field>
                    </depends>
                </field>
                <field id="name" translate="label comment" type="text" sortOrder="30" showInDefault="1" showInWebsite="1" showInStore="1">
                    <label>Campaign Name</label>
                    <depends>
                        <field id="enabled">1</field>
                    </depends>
                </field>
                <field id="term" translate="label comment" type="text" sortOrder="40" showInDefault="1" showInWebsite="1" showInStore="1">
                    <label>Campaign Term</label>
                    <depends>
                        <field id="enabled">1</field>
                    </depends>
                </field>
                <field id="content" translate="label comment" type="text" sortOrder="50" showInDefault="1" showInWebsite="1" showInStore="1">
                    <label>Campaign Content</label>
                    <depends>
                        <field id="enabled">1</field>
                    </depends>
                </field>
            </group>
            <group id="coupon" translate="label" type="text" sortOrder="30" showInDefault="1" showInWebsite="1" showInStore="1">
                <label>Coupon</label>
                <field id="rule" translate="label comment" type="select" sortOrder="10" showInDefault="1" showInWebsite="1" showInStore="1">
                    <label>Rule</label>
                    <source_model>Mageplaza\AbandonedCart\Model\Config\Source\CartRules</source_model>
                    <comment>Please select rule to use this feature.</comment>
                </field>
                <field id="valid" translate="label comment" type="text" sortOrder="20" showInDefault="1" showInWebsite="1" showInStore="1">
                    <label>Valid</label>
                    <source_model>Magento\Config\Model\Config\Source\Yesno</source_model>
                    <comment>Hour(s)</comment>
                    <validate>validate-digits</validate>
                </field>
                <field id="length" translate="label comment" type="text" sortOrder="30" showInDefault="1" showInWebsite="1" showInStore="1">
                    <label>Code Length</label>
                    <source_model>Magento\Config\Model\Config\Source\Yesno</source_model>
                    <comment>Excluding prefix, suffix and separators. If empty, the default is 5</comment>
                    <validate>validate-digits validate-greater-than-zero</validate>
                </field>
                <field id="format" translate="label comment" type="select" sortOrder="40" showInDefault="1" showInWebsite="1" showInStore="1">
                    <label>Code Format</label>
                    <source_model>Magento\SalesRule\Model\System\Config\Source\Coupon\Format</source_model>
                </field>
                <field id="prefix" translate="label comment" type="text" sortOrder="50" showInDefault="1" showInWebsite="1" showInStore="1">
                    <label>Code Prefix</label>
                    <source_model>Magento\Config\Model\Config\Source\Yesno</source_model>
                </field>
                <field id="suffix" translate="label comment" type="text" sortOrder="60" showInDefault="1" showInWebsite="1" showInStore="1">
                    <label>Code Suffix</label>
                    <source_model>Magento\Config\Model\Config\Source\Yesno</source_model>
                </field>
                <field id="dash" translate="label comment" type="text" sortOrder="70" showInDefault="1" showInWebsite="1" showInStore="1">
                    <label>Dash Every X Characters</label>
                    <source_model>Magento\Config\Model\Config\Source\Yesno</source_model>
                    <validate>validate-digits</validate>
                </field>
            </group>
            <group id="report" translate="label" type="text" sortOrder="40" showInDefault="1" showInWebsite="1" showInStore="1">
                <label>Real-time Reports</label>
                <field id="time_measure" translate="label comment" type="text" sortOrder="10" showInDefault="1" showInWebsite="1" showInStore="1" canRestore="1">
                    <label>How to measure Abandoned Cart</label>
                    <source_model>Magento\Config\Model\Config\Source\Yesno</source_model>
                    <comment><![CDATA[Time to define an abandoned cart. The unit is minute.<br/>
                    Example: If we enter 30, then after 30 minutes, carts will be considered abandoned. The carts under 30 minutes will be in the Real Time column.]]></comment>
                    <validate>validate-digits validate-greater-than-zero</validate>
                </field>
                <field id="date_range" translate="label comment" sortOrder="20" type="select" showInDefault="1" showInWebsite="1" showInStore="1" canRestore="1">
                    <label>Default Date Range</label>
                    <source_model>Mageplaza\AbandonedCart\Model\System\Config\Source\RealTimeReports</source_model>
                </field>
            </group>
        </section>
    </system>
</config>
