<?xml version="1.0"?>
<!--
/**
 *
 * BSS Commerce Co.
 *
 * NOTICE OF LICENSE
 *
 * This source file is subject to the EULA
 * that is bundled with this package in the file LICENSE.txt.
 * It is also available through the world-wide-web at this URL:
 * http://bsscommerce.com/Bss-Commerce-License.txt
 *
 *  @category  BSS
 *  @package   Bss_GiftCard
 *  @author    Extension Team
 *  @copyright Copyright (c) 2017-2018 BSS Commerce Co. ( http://bsscommerce.com )
 *  @license   http://bsscommerce.com/Bss-Commerce-License.txt
 */
-->

<config xmlns:xsi="http://www.w3.org/2001/XMLSchema-instance" xsi:noNamespaceSchemaLocation="urn:magento:module:Magento_Cron:etc/crontab.xsd">
    <group id="default">
        <job name="bss_giftcard_update_code_status"
            instance="Bss\GiftCard\Cron\UpdateExpiredCode" method="execute">
            <schedule>*/1 * * * *</schedule>
        </job>
        <job name="bss_giftcard_send_email"
            instance="Bss\GiftCard\Cron\SendEmail" method="execute">
            <schedule>*/1 * * * *</schedule>
        </job>
    </group>
</config>
