<?xml version="1.0"?>
<!--
/**
 *
 * BSS Commerce Co.
 *
 * NOTICE OF LICENSE
 *
 * This source file is subject to the EULA
 * that is bundled with this package in the file LICENSE.txt.
 * It is also available through the world-wide-web at this URL:
 * http://bsscommerce.com/Bss-Commerce-License.txt
 *
 *  @category  BSS
 *  @package   Bss_GiftCard
 *  @author    Extension Team
 *  @copyright Copyright (c) 2017-2018 BSS Commerce Co. ( http://bsscommerce.com )
 *  @license   http://bsscommerce.com/Bss-Commerce-License.txt
 */
-->

<config xmlns:xsi="http://www.w3.org/2001/XMLSchema-instance" xsi:noNamespaceSchemaLocation="urn:magento:framework:Event/etc/events.xsd">
    <event name="sales_order_invoice_register">
        <observer name="bss_giftcard_sales_order_invoice_register"
            instance="Bss\GiftCard\Observer\AutoGenerateCode" />
    </event>
    <event name="sales_order_place_after">
        <observer name="bss_giftcard_sales_order_place_after"
            instance="Bss\GiftCard\Observer\SalesOrderAfterPlace" />
    </event>
    <event name="sales_model_service_quote_submit_success">
        <observer name="bss_giftcard_convert_to_order"
            instance="Bss\GiftCard\Observer\SalesEventQuoteSubmitSuccessObserver" />
    </event>
</config>
