<?xml version="1.0"?>
<!--
/**
 *
 * BSS Commerce Co.
 *
 * NOTICE OF LICENSE
 *
 * This source file is subject to the EULA
 * that is bundled with this package in the file LICENSE.txt.
 * It is also available through the world-wide-web at this URL:
 * http://bsscommerce.com/Bss-Commerce-License.txt
 *
 *  @category  BSS
 *  @package   Bss_GiftCard
 *  @author    Extension Team
 *  @copyright Copyright (c) 2017-2018 BSS Commerce Co. ( http://bsscommerce.com )
 *  @license   http://bsscommerce.com/Bss-Commerce-License.txt
 */
-->

<config xmlns:xsi="http://www.w3.org/2001/XMLSchema-instance" xsi:noNamespaceSchemaLocation="urn:magento:module:Magento_Sales:etc/pdf_file.xsd">
    <totals>
        <total name="bss_giftcard">
            <title translate="true">Gift Card</title>
            <source_field>bss_giftcard_amount</source_field>
            <amount_prefix>-</amount_prefix>
            <font_size>7</font_size>
            <display_zero>false</display_zero>
            <sort_order>600</sort_order>
        </total>
    </totals>
</config>
