<?xml version="1.0"?>
<!--
/**
 * BSS Commerce Co.
 *
 * NOTICE OF LICENSE
 *
 * This source file is subject to the EULA
 * that is bundled with this package in the file LICENSE.txt.
 * It is also available through the world-wide-web at thisURL:
 * http://bsscommerce.com/Bss-Commerce-License.txt
 *
 * @category   BSS
 * @package    Bss_ShoppingCartRulePerStoreView
 * @author     Extension Team
 * @copyright  Copyright (c) 2017-2018 BSS Commerce Co. ( http://bsscommerce.com )
 * @license    http://bsscommerce.com/Bss-Commerce-License.txt
 */
-->
<config xmlns:xsi="http://www.w3.org/2001/XMLSchema-instance" xsi:noNamespaceSchemaLocation="urn:magento:framework:ObjectManager/etc/config.xsd">
    <type name="Magento\SalesRule\Model\ResourceModel\Rule\Collection">
        <plugin name="Bss_ShoppingCartRulePerStoreView::SalesRule_Collection" type="Bss\ShoppingCartRulePerStoreView\Model\ResourceModel\Rule\CollectionPlugin" sortOrder="10" />
    </type>

    <preference for="Magento\SalesRule\Model\ResourceModel\Rule\Collection" type="Bss\ShoppingCartRulePerStoreView\Model\ResourceModel\Rule\Collection" />
    
	<virtualType name="Magento\SalesRule\Model\ResourceModel\Rule\AssociatedEntityMap" type="Magento\Framework\DataObject">
        <arguments>
            <argument name="data" xsi:type="array">
                <item name="store" xsi:type="array">
                    <item name="associations_table" xsi:type="string">salesrule_store</item>
                    <item name="rule_id_field" xsi:type="string">rule_id</item>
                    <item name="entity_id_field" xsi:type="string">store_id</item>
                </item>
            </argument>
        </arguments>
    </virtualType>
</config>
