<?xml version="1.0"?>
<!--
/**
 * Mageplaza
 *
 * NOTICE OF LICENSE
 *
 * This source file is subject to the Mageplaza.com license that is
 * available through the world-wide-web at this URL:
 * https://www.mageplaza.com/LICENSE.txt
 *
 * DISCLAIMER
 *
 * Do not edit or add to this file if you wish to upgrade this extension to newer
 * version in the future.
 *
 * @category    Mageplaza
 * @package     Mageplaza_GoogleRecaptcha
 * @copyright   Copyright (c) Mageplaza (https://www.mageplaza.com/)
 * @license     https://www.mageplaza.com/LICENSE.txt
 */
-->
<config xmlns:xsi="http://www.w3.org/2001/XMLSchema-instance" xsi:noNamespaceSchemaLocation="urn:magento:module:Magento_Config:etc/system_file.xsd">
    <system>
        <section id="googlerecaptcha" translate="label" type="text" sortOrder="500" showInDefault="1" showInWebsite="1" showInStore="1">
            <class>separator-top</class>
            <label>Google Recaptcha</label>
            <tab>mageplaza</tab>
            <resource>Mageplaza_GoogleRecaptcha::configuration</resource>
            <group id="general" translate="label" type="text" sortOrder="1" showInDefault="1" showInWebsite="1" showInStore="1">
                <label>General</label>
                <field id="enabled" translate="label comment" type="select" sortOrder="2" showInDefault="1" showInWebsite="1" showInStore="1">
                    <label>Enable</label>
                    <source_model>Magento\Config\Model\Config\Source\Yesno</source_model>
                </field>
                <group id="invisible" translate="label" type="text" sortOrder="4" showInDefault="1" showInWebsite="1" showInStore="1">
                    <label>Invisible</label>
                    <field id="api_key" translate="label comment" type="obscure" sortOrder="3" showInDefault="1" showInWebsite="1" showInStore="1">
                        <label>Google API Key</label>
                        <backend_model>Magento\Config\Model\Config\Backend\Encrypted</backend_model>
                        <comment><![CDATA[Create app <a href="https://www.google.com/recaptcha/admin" target="_blank">here</a>.]]></comment>
                    </field>
                    <field id="api_secret" translate="label comment" type="obscure" sortOrder="4" showInDefault="1" showInWebsite="1" showInStore="1">
                        <label>Google API Secret Key</label>
                        <backend_model>Magento\Config\Model\Config\Backend\Encrypted</backend_model>
                    </field>
                </group>
                <group id="visible" translate="label" type="text" sortOrder="5" showInDefault="1" showInWebsite="1" showInStore="1">
                    <label>Visible</label>
                    <field id="api_key" translate="label comment" type="obscure" sortOrder="3" showInDefault="1" showInWebsite="1" showInStore="1">
                        <label>Google API Key</label>
                        <backend_model>Magento\Config\Model\Config\Backend\Encrypted</backend_model>
                        <comment><![CDATA[Create app <a href="https://www.google.com/recaptcha/admin" target="_blank">here</a>.]]></comment>
                    </field>
                    <field id="api_secret" translate="label comment" type="obscure" sortOrder="4" showInDefault="1" showInWebsite="1" showInStore="1">
                        <label>Google API Secret Key</label>
                        <backend_model>Magento\Config\Model\Config\Backend\Encrypted</backend_model>
                    </field>
                </group>
                <field id="language" translate="label comment" sortOrder="3" type="select" showInDefault="1" showInWebsite="1" showInStore="1">
                    <label>Language Code</label>
                    <source_model>Mageplaza\GoogleRecaptcha\Model\System\Config\Source\Language</source_model>
                </field>
            </group>
            <group id="backend" translate="label" type="text" sortOrder="10" showInDefault="1" showInWebsite="0" showInStore="0">
                <label>Backend Configuration</label>
                <field id="enabled" translate="label comment" type="select" sortOrder="2" showInDefault="1" showInWebsite="1" showInStore="1">
                    <label>Enable</label>
                    <source_model>Magento\Config\Model\Config\Source\Yesno</source_model>
                </field>
                <field id="forms" translate="label comment" type="multiselect" sortOrder="3" showInDefault="1" showInWebsite="1" showInStore="1">
                    <label>Forms</label>
                    <source_model>Mageplaza\GoogleRecaptcha\Model\System\Config\Source\Forms</source_model>
                    <depends>
                        <field id="enabled">1</field>
                    </depends>
                </field>
                <field id="size" translate="label comment" sortOrder="4" type="select" showInDefault="1" showInWebsite="1" showInStore="1">
                    <label>Size</label>
                    <source_model>Mageplaza\GoogleRecaptcha\Model\System\Config\Source\Size</source_model>
                    <depends>
                        <field id="enabled">1</field>
                    </depends>
                </field>
                <field id="theme" translate="label comment" sortOrder="5" type="select" showInDefault="1" showInWebsite="1" showInStore="1">
                    <label>Theme</label>
                    <source_model>Mageplaza\GoogleRecaptcha\Model\System\Config\Source\Theme</source_model>
                    <depends>
                        <field id="enabled">1</field>
                    </depends>
                </field>
            </group>
            <group id="frontend" translate="label" type="text" sortOrder="10" showInDefault="1" showInWebsite="1" showInStore="1">
                <label>Frontend Configuration</label>
                <field id="enabled" translate="label comment" type="select" sortOrder="2" showInDefault="1" showInWebsite="1" showInStore="1">
                    <label>Enable</label>
                    <source_model>Magento\Config\Model\Config\Source\Yesno</source_model>
                </field>
                <field id="type" translate="label comment" sortOrder="3" type="select" showInDefault="1" showInWebsite="1" showInStore="1">
                    <label>Recaptcha Type</label>
                    <source_model>Mageplaza\GoogleRecaptcha\Model\System\Config\Source\RecaptchaType</source_model>
                    <depends>
                        <field id="enabled">1</field>
                    </depends>
                </field>
                <field id="position" translate="label comment" sortOrder="5" type="select" showInDefault="1" showInWebsite="1" showInStore="1">
                    <label>Badge Position</label>
                    <source_model>Mageplaza\GoogleRecaptcha\Model\System\Config\Source\Position</source_model>
                    <depends>
                        <field id="enabled">1</field>
                        <field id="type">invisible</field>
                    </depends>
                </field>
                <field id="size" translate="label comment" sortOrder="4" type="select" showInDefault="1" showInWebsite="1" showInStore="1">
                    <label>Size</label>
                    <source_model>Mageplaza\GoogleRecaptcha\Model\System\Config\Source\Size</source_model>
                    <depends>
                        <field id="enabled">1</field>
                        <field id="type">visible</field>
                    </depends>
                </field>
                <field id="theme" translate="label comment" sortOrder="6" type="select" showInDefault="1" showInWebsite="1" showInStore="1">
                    <label>Theme</label>
                    <source_model>Mageplaza\GoogleRecaptcha\Model\System\Config\Source\Theme</source_model>
                    <depends>
                        <field id="enabled">1</field>
                    </depends>
                </field>
                <field id="forms" translate="label comment" type="multiselect" sortOrder="3" showInDefault="1" showInWebsite="1" showInStore="1">
                    <label>Forms</label>
                    <source_model>Mageplaza\GoogleRecaptcha\Model\System\Config\Source\Frontend\Forms</source_model>
                    <depends>
                        <field id="enabled">1</field>
                    </depends>
                </field>
                <group id="custom" translate="label" type="text" sortOrder="7" showInDefault="1" showInWebsite="1" showInStore="1">
                    <label>Custom Form Position</label>
                    <field id="paths" translate="label comment" type="textarea" sortOrder="3" showInDefault="1" showInWebsite="1" showInStore="1">
                        <label>Form Post Paths</label>
                        <comment><![CDATA[ For Example: newsletter/subscriber/new/  <br><br>Compatible with Mageplaza SocialLogin: <br>
                        customer/ajax/login/<br>
                        sociallogin/popup/create/<br>
                        sociallogin/popup/forgot/<br>
                        <br> Each Url Post must be separated by a new line]]></comment>
                    </field>
                    <field id="css" translate="label" type="textarea" sortOrder="4" showInDefault="1" showInWebsite="1" showInStore="1">
                        <label>CSS Selectors</label>
                        <comment><![CDATA[ For Example: #newsletter-validate-detail <br><br> Compatible with Mageplaza SocialLogin: <br>#social-form-login<br>
                        #social-form-create<br>#social-form-password-forget <br><br> Compatible with Mageplaza OSC: <br>.onestepcheckout-index-index .block-content .form.form-login<br><br> Each CSS Selector must be separated by a new line]]></comment>
                    </field>
                    <depends>
                        <field id="enabled">1</field>
                    </depends>
                </group>
            </group>
        </section>
    </system>
</config>
