<?xml version="1.0"?>
<!--
/**
 *
 * BSS Commerce Co.
 *
 * NOTICE OF LICENSE
 *
 * This source file is subject to the EULA
 * that is bundled with this package in the file LICENSE.txt.
 * It is also available through the world-wide-web at this URL:
 * http://bsscommerce.com/Bss-Commerce-License.txt
 *
 *  @category  BSS
 *  @package   Bss_GiftCard
 *  @author    Extension Team
 *  @copyright Copyright (c) 2017-2018 BSS Commerce Co. ( http://bsscommerce.com )
 *  @license   http://bsscommerce.com/Bss-Commerce-License.txt
 */
-->

<config xmlns:xsi="http://www.w3.org/2001/XMLSchema-instance" xsi:noNamespaceSchemaLocation="urn:magento:framework:ObjectManager/etc/config.xsd">
    <type name="Magento\Catalog\Helper\Product\ConfigurationPool">
        <arguments>
            <argument name="instancesByType" xsi:type="array">
                <item name="bss_giftcard" xsi:type="object">Bss\GiftCard\Helper\Catalog\Product\Configuration</item>
            </argument>
        </arguments>
    </type>
    <type name="Magento\Checkout\Model\CompositeConfigProvider">
        <arguments>
            <argument name="configProviders" xsi:type="array">
                <item name="bss_gift_card" xsi:type="object">Bss\GiftCard\Model\CompositeConfigProvider</item>
            </argument>
        </arguments>
    </type>
    <type name="Magento\Checkout\Block\Cart\Sidebar">
        <plugin name="bss_giftcard_block_cart_sidebar"
            type="Bss\GiftCard\Plugin\Block\Cart\Sidebar" sortOrder="10"/>
    </type>

    <!--Add Checkout Data to Checkout-Overview page-->
    <preference for="Magento\Multishipping\Block\Checkout\Overview" type="Bss\GiftCard\Plugin\MultiShipping\Checkout\Overview"/>
    <preference for="Magento\Multishipping\Block\DataProviders\Overview" type="Bss\GiftCard\Plugin\MultiShipping\DataProviders\Overview"/>
</config>
