<?xml version="1.0"?>
<!-- 
/**
* Copyright © 2015 PlazaThemes.com. All rights reserved.

* @author PlazaThemes Team <contact@plazathemes.com>
*/
-->
<config xmlns:xsi="http://www.w3.org/2001/XMLSchema-instance" xsi:noNamespaceSchemaLocation="../../../Config/etc/system_file.xsd">
    <system>
        <tab id="Plazathemes" translate="label" sortOrder="400">
            <label>Plazathemes</label>
        </tab>
        <section id="recentproductslider" translate="label" type="text" sortOrder="300" showInDefault="1" showInWebsite="1" showInStore="1">
            <class>separator-top</class>
            <label>Recentproductslider Slider</label>
            <tab>plaza</tab>
            <resource>Plazathemes_Recentproductslider::config_recentproductslider</resource>
            <group id="general" translate="label" type="text" sortOrder="5" showInDefault="1" showInWebsite="1" showInStore="1">
                <label>General</label>
                <field id="enable_frontend" translate="label comment" type="select" sortOrder="0"  showInDefault="1" showInWebsite="1" showInStore="1">
                    <label>Enable</label>
                    <comment>Enable frontend</comment>
                    <source_model>Magento\Config\Model\Config\Source\Yesno</source_model>
                </field>
				<field id="title" translate="label" type="text" sortOrder="2" showInDefault="1" showInWebsite="1" showInStore="1">
                    <label>Title Recentproductslider</label>
                </field>
				<field id="auto" translate="label comment" type="select" sortOrder="4"  showInDefault="1" showInWebsite="1" showInStore="1">
                    <label>Auto slide:</label>
                    <source_model>Magento\Config\Model\Config\Source\Yesno</source_model>
					<backend_model>plazathemes\recentproductslider\Model\Config\Backend\Validate</backend_model>
                </field>
				<field id="speed" translate="label" type="text" sortOrder="6" showInDefault="1" showInWebsite="1" showInStore="1">
					<depends>
						<field id="auto">1</field>
					</depends>
                    <label>Slideshow Speed</label>
                </field>
				<field id="pagination" translate="label" type="text" sortOrder="7" showInDefault="1" showInWebsite="1" showInStore="1">
                    <label>Pause Speed</label>
                </field>
				<field id="qty" translate="label" type="text" sortOrder="8" showInDefault="1" showInWebsite="1" showInStore="1">
                    <label>Qty of Items</label>
                </field>
				<field id="default" translate="label" type="text" sortOrder="10" showInDefault="1" showInWebsite="1" showInStore="1">
                    <label>Items Default</label>
                </field>
				<field id="desktop" translate="label" type="text" sortOrder="12" showInDefault="1" showInWebsite="1" showInStore="1">
                    <label>Items On Desktop</label>
                </field>
				<field id="desktop_small" translate="label" type="text" sortOrder="14" showInDefault="1" showInWebsite="1" showInStore="1">
                    <label>Items On Desktop Small</label>
                </field>
				<field id="tablet" translate="label" type="text" sortOrder="16" showInDefault="1" showInWebsite="1" showInStore="1">
                    <label>Items On Tablet</label>
                </field>
				<field id="mobile" translate="label" type="text" sortOrder="18" showInDefault="1" showInWebsite="1" showInStore="1">
                    <label>items On Mobile</label>
                </field>
				<field id="rows" translate="label" type="text" sortOrder="20" showInDefault="1" showInWebsite="1" showInStore="1">
                    <label>Number Rows Show</label>
                </field>
				<field id="show_next_back" translate="label comment" type="select" sortOrder="24"  showInDefault="1" showInWebsite="1" showInStore="1">
                    <label>Show Next/Back control</label>
                    <source_model>Magento\Config\Model\Config\Source\Yesno</source_model>
                </field>
				<field id="show_navigation_control" translate="label comment" type="select" sortOrder="26"  showInDefault="1" showInWebsite="1" showInStore="1">
                    <label>Show navigation control</label>
                    <source_model>Magento\Config\Model\Config\Source\Yesno</source_model>
                </field>
            </group>
        </section>
    </system>
</config>
