<?xml version="1.0"?>
<config xmlns:xsi="http://www.w3.org/2001/XMLSchema-instance" xsi:noNamespaceSchemaLocation="../../../../Magento/Backend/etc/system_file.xsd">
    <system>
    
		 <section id="newproductslider" translate="label" sortOrder="130" showInDefault="1" showInWebsite="1" showInStore="1">
            <class>separator-top</class>
            <label>Newproduct slider</label>
            <tab>plaza</tab>
            <resource>Plazathemes_Newproductslider::test_config</resource>
			<group id="general" translate="label" type="text" sortOrder="101" showInDefault="1" showInWebsite="1" showInStore="1">
                <label>Configuration Options</label>
                <field id="enabled" translate="label comment" type="select" sortOrder="1" showInDefault="1" showInWebsite="1" showInStore="1">
                    <label>Enable Module</label>
                    <source_model>Magento\Config\Model\Config\Source\Yesno</source_model>
                </field>
				<field id="row" translate="label" type="text" sortOrder="2" showInDefault="1" showInWebsite="1" showInStore="1">
                    <label>Number of Rows to be showed on slide</label>             
                </field>
		        <field id="title" translate="label" type="text" sortOrder="2" showInDefault="1" showInWebsite="1" showInStore="1">
                    <label>Title</label>             
                </field>
				<field id="itemsDefault" translate="label" type="text" sortOrder="3" showInDefault="1" showInWebsite="1" showInStore="1">
                    <label>Show item Deafault</label>             
                </field>
				<field id="itemsDesktop" translate="label" type="text" sortOrder="4" showInDefault="1" showInWebsite="1" showInStore="1">
                    <label>Show item Desktop</label>             
                </field>
				<field id="itemsDesktopSmall" translate="label" type="text" sortOrder="5" showInDefault="1" showInWebsite="1" showInStore="1">
                    <label>Show item items Desktop Small</label>             
                </field>
				<field id="itemsTablet" translate="label" type="text" sortOrder="6" showInDefault="1" showInWebsite="1" showInStore="1">
                    <label>Show item items Tablet</label>             
                </field>
				<field id="itemsMobile" translate="label" type="text" sortOrder="7" showInDefault="1" showInWebsite="1" showInStore="1">
                    <label>Show item items Mobile</label>             
                </field>
			    <field id="speed" translate="label" type="text" sortOrder="8" showInDefault="1" showInWebsite="1" showInStore="1">
                    <label>Slide Speeds</label>             
                </field>
				<field id="qty" translate="label" type="text" sortOrder="9" showInDefault="1" showInWebsite="1" showInStore="1">
                    <label>Number of products was allowed on site</label>             
                </field>
				<field id="addtocart" translate="label comment" type="select" sortOrder="10" showInDefault="1" showInWebsite="1" showInStore="1">
                    <label>Show Addtocart</label>
                    <source_model>Magento\Config\Model\Config\Source\Yesno</source_model>
                </field>
				<field id="wishlist" translate="label comment" type="select" sortOrder="11" showInDefault="1" showInWebsite="1" showInStore="1">
                    <label>Show Wishlist</label>
                    <source_model>Magento\Config\Model\Config\Source\Yesno</source_model>
                </field>
				<field id="compare" translate="label comment" type="select" sortOrder="12" showInDefault="1" showInWebsite="1" showInStore="1">
                    <label>Show Compare</label>
                    <source_model>Magento\Config\Model\Config\Source\Yesno</source_model>
                </field>

				<field id="navigation" translate="label comment" type="select" sortOrder="13" showInDefault="1" showInWebsite="1" showInStore="1">
                    <label>Navigation</label>
                    <source_model>Magento\Config\Model\Config\Source\Yesno</source_model>
                </field>
				<field id="pagination" translate="label comment" type="select" sortOrder="14" showInDefault="1" showInWebsite="1" showInStore="1">
                    <label>Pagination</label>
                    <source_model>Magento\Config\Model\Config\Source\Yesno</source_model>
                </field>
				<field id="auto" translate="label comment" type="select" sortOrder="15" showInDefault="1" showInWebsite="1" showInStore="1">
                    <label>Auto Slide</label>
                    <source_model>Magento\Config\Model\Config\Source\Yesno</source_model>
                </field>

            </group>
        </section>
    </system>
</config>