<?xml version="1.0"?>
<!--
/**
 * Plumrocket Inc.
 *
 * NOTICE OF LICENSE
 *
 * This source file is subject to the End-user License Agreement
 * that is available through the world-wide-web at this URL:
 * http://wiki.plumrocket.net/wiki/EULA
 * If you are unable to obtain it through the world-wide-web, please
 * send an email to support@plumrocket.com so we can send you a copy immediately.
 *
 * @package     Plumrocket_Popuplogin
 * @copyright   Copyright (c) 2019 Plumrocket Inc. (http://www.plumrocket.com)
 * @license     http://wiki.plumrocket.net/wiki/EULA  End-user License Agreement
 */
-->
<config xmlns:xsi="http://www.w3.org/2001/XMLSchema-instance" xsi:noNamespaceSchemaLocation="urn:magento:framework:ObjectManager/etc/config.xsd">
    <type name="Magento\Captcha\CustomerData\Captcha">
        <arguments>
            <argument name="formIds" xsi:type="array">
                <item name="prpl_login_form" xsi:type="string">prpl_login_form</item>
                <item name="prpl_registration_form" xsi:type="string">prpl_registration_form</item>
                <item name="prpl_forgotpassword_form" xsi:type="string">prpl_forgotpassword_form</item>
            </argument>
        </arguments>
    </type>

    <type name="Plumrocket\DataPrivacy\Observer\NewsletterSubscriberSaveAfterObserver">
        <arguments>
            <argument name="createCustomerFullActionPaths" xsi:type="array">
                <item name="prpopuplogin_ajax_register" xsi:type="boolean">true</item>
            </argument>
        </arguments>
    </type>

    <type name="Plumrocket\Popuplogin\Ui\DataProvider\Form\Modifier\IsEnabled">
        <arguments>
            <argument name="fileDriver" xsi:type="object">Magento\Framework\Filesystem\Driver\File</argument>
        </arguments>
    </type>
</config>
