<?xml version="1.0"?>
<!-- 
/**
* Copyright © 2015 PlazaThemes.com. All rights reserved.

* @author PlazaThemes Team <contact@plazathemes.com>
*/
-->
<config xmlns:xsi="http://www.w3.org/2001/XMLSchema-instance" xsi:noNamespaceSchemaLocation="../../../Config/etc/system_file.xsd">
    <system>
        <tab id="plaza" translate="label" sortOrder="400">
            <label>Plazathemes</label>
        </tab>
        <section id="testimonial" translate="label" type="text" sortOrder="300" showInDefault="1" showInWebsite="1" showInStore="1">
            <class>separator-top</class>
            <label>Testimonial Slider</label>
            <tab>plaza</tab>
            <resource>Plazathemes_Testimonial::config_testimonial</resource>
            <group id="general" translate="label" type="text" sortOrder="5" showInDefault="1" showInWebsite="1" showInStore="1">
                <label>General</label>
                <field id="enable_frontend" translate="label comment" type="select" sortOrder="0"  showInDefault="1" showInWebsite="1" showInStore="1">
                    <label>Enable</label>
                    <comment>Enable frontend</comment>
                    <source_model>Magento\Config\Model\Config\Source\Yesno</source_model>
                </field>
				<field id="title" translate="label" type="text" sortOrder="2" showInDefault="1" showInWebsite="0" showInStore="0">
                    <label>Title Testimonial</label>
                </field>
				<field id="des" translate="label" type="text" sortOrder="2" showInDefault="1" showInWebsite="1" showInStore="1">
                    <label>Des</label>             
                </field>
				<field id="auto" translate="label comment" type="select" sortOrder="4"  showInDefault="1" showInWebsite="1" showInStore="1">
                    <label>Auto slide:</label>
                    <source_model>Magento\Config\Model\Config\Source\Yesno</source_model>
					<backend_model>Plazathemes\Testimonial\Model\Config\Backend\Validate</backend_model>
                </field>
				<field id="speed" translate="label" type="text" sortOrder="6" showInDefault="1" showInWebsite="0" showInStore="0">
					<depends>
						<field id="auto">1</field>
					</depends>
                    <label>Slideshow Speed</label>
                </field>
				<field id="pagination" translate="label" type="text" sortOrder="7" showInDefault="1" showInWebsite="0" showInStore="0">
                    <label>Pause Speed</label>
                </field>
				<field id="qty" translate="label" type="text" sortOrder="8" showInDefault="1" showInWebsite="0" showInStore="0">
                    <label>Qty of Items</label>
                </field>
				<field id="default" translate="label" type="text" sortOrder="10" showInDefault="1" showInWebsite="0" showInStore="0">
                    <label>Items Default</label>
                </field>
				<field id="desktop" translate="label" type="text" sortOrder="12" showInDefault="1" showInWebsite="0" showInStore="0">
                    <label>Items On Desktop</label>
                </field>
				<field id="desktop_small" translate="label" type="text" sortOrder="14" showInDefault="1" showInWebsite="0" showInStore="0">
                    <label>Items On Desktop Small</label>
                </field>
				<field id="tablet" translate="label" type="text" sortOrder="16" showInDefault="1" showInWebsite="0" showInStore="0">
                    <label>Items On Tablet</label>
                </field>
				<field id="mobile" translate="label" type="text" sortOrder="18" showInDefault="1" showInWebsite="0" showInStore="0">
                    <label>items On Mobile</label>
                </field>
				<field id="rows" translate="label" type="text" sortOrder="20" showInDefault="1" showInWebsite="0" showInStore="0">
                    <label>Number Rows Show</label>
                </field>
				<field id="show_description" translate="label comment" type="select" sortOrder="22"  showInDefault="1" showInWebsite="1" showInStore="1">
                    <label>Show Description</label>
                    <source_model>Magento\Config\Model\Config\Source\Yesno</source_model>
                </field>
				<field id="show_next_back" translate="label comment" type="select" sortOrder="24"  showInDefault="1" showInWebsite="1" showInStore="1">
                    <label>Show Next/Back control</label>
                    <source_model>Magento\Config\Model\Config\Source\Yesno</source_model>
                </field>
				<field id="show_navigation_control" translate="label comment" type="select" sortOrder="26"  showInDefault="1" showInWebsite="1" showInStore="1">
                    <label>Show navigation control</label>
                    <source_model>Magento\Config\Model\Config\Source\Yesno</source_model>
                </field>
				<field id="customers_submit" translate="label comment" type="select" sortOrder="28"  showInDefault="1" showInWebsite="1" showInStore="1">
                    <label>Allow customers to submit testimonial</label>
                    <source_model>Magento\Config\Model\Config\Source\Yesno</source_model>
                </field>
				<field id="allow_guest" translate="label comment" type="select" sortOrder="30"  showInDefault="1" showInWebsite="1" showInStore="1">
					<depends>
						<field id="customers_submit">1</field>
					</depends>
                    <label>Allow guest to write testimonials</label>
                    <source_model>Magento\Config\Model\Config\Source\Yesno</source_model>
                </field>
				<field id="approve_testimonials" translate="label comment" type="select" sortOrder="32"  showInDefault="1" showInWebsite="1" showInStore="1">
                    <label>Approve testimonials</label>
                    <source_model>Magento\Config\Model\Config\Source\Yesno</source_model>
                </field>
				<field id="per_page" translate="label" type="text" sortOrder="34" showInDefault="1" showInWebsite="0" showInStore="0">
                    <label>Testimonials Per Page</label>
                </field>
				<field id="footer_link" translate="label comment" type="select" sortOrder="36"  showInDefault="1" showInWebsite="1" showInStore="1">
                    <label>Enable Footer Link</label>
                    <source_model>Magento\Config\Model\Config\Source\Yesno</source_model>
                </field>
            </group>
        </section>
    </system>
</config>
