<?xml version="1.0"?>
<!--
/**
 * Plumrocket Inc.
 *
 * NOTICE OF LICENSE
 *
 * This source file is subject to the End-user License Agreement
 * that is available through the world-wide-web at this URL:
 * http://wiki.plumrocket.net/wiki/EULA
 * If you are unable to obtain it through the world-wide-web, please
 * send an email to support@plumrocket.com so we can send you a copy immediately.
 *
 * @package     Plumrocket_SocialLoginPro
 * @copyright   Copyright (c) 2019 Plumrocket Inc. (http://www.plumrocket.com)
 * @license     http://wiki.plumrocket.net/wiki/EULA  End-user License Agreement
 */
-->
<config xmlns:xsi="http://www.w3.org/2001/XMLSchema-instance" xsi:noNamespaceSchemaLocation="urn:magento:framework:ObjectManager/etc/config.xsd">
    <type name="Magento\Customer\CustomerData\SectionPoolInterface">
        <arguments>
            <argument name="sectionSourceMap" xsi:type="array">
                <item name="pslogin" xsi:type="string">Plumrocket\SocialLoginPro\CustomerData\Customer</item>
            </argument>
        </arguments>
    </type>
    <type name="Plumrocket\SocialLoginPro\Observer\LogoutObserver">
        <arguments>
            <argument name="customerSession" xsi:type="object">Magento\Customer\Model\Session\Proxy</argument>
        </arguments>
    </type>
    <type name="Plumrocket\SocialLoginPro\Observer\RegistrationSuccessObserver">
        <arguments>
            <argument name="customerSession" xsi:type="object">Magento\Customer\Model\Session\Proxy</argument>
        </arguments>
    </type>
    <type name="Plumrocket\SocialLoginPro\Observer\LoginObserver">
        <arguments>
            <argument name="customerSession" xsi:type="object">Magento\Customer\Model\Session\Proxy</argument>
        </arguments>
    </type>
    <type name="Plumrocket\SocialLoginPro\Block\Messages">
        <arguments>
            <argument name="customerSession" xsi:type="object">Magento\Customer\Model\Session\Proxy</argument>
        </arguments>
    </type>
    <type name="Plumrocket\SocialLoginPro\Block\Customer\Form\Register">
        <arguments>
            <argument name="customerSession" xsi:type="object">Magento\Customer\Model\Session\Proxy</argument>
        </arguments>
    </type>
    <type name="Plumrocket\SocialLoginPro\Block\LinkPopup">
        <arguments>
            <argument name="customerSession" xsi:type="object">Magento\Customer\Model\Session\Proxy</argument>
        </arguments>
    </type>
    <type name="Plumrocket\SocialLoginPro\Controller\AbstractAccount">
        <arguments>
            <argument name="customerSession" xsi:type="object">Magento\Customer\Model\Session\Proxy</argument>
        </arguments>
    </type>
    <type name="Plumrocket\SocialLoginPro\Controller\Account\Register">
        <arguments>
            <argument name="customerSession" xsi:type="object">Magento\Customer\Model\Session\Proxy</argument>
        </arguments>
    </type>
    <type name="Plumrocket\SocialLoginPro\Controller\Account\Login\Password">
        <arguments>
            <argument name="customerSession" xsi:type="object">Magento\Customer\Model\Session\Proxy</argument>
        </arguments>
    </type>
    <type name="Plumrocket\AdvancedReviewAndReminder\Model\Provider\CustomerLogo">
        <plugin name="addSocialProLogo" type="Plumrocket\SocialLoginPro\Plugin\AdvancedReviewAndReminder\Model\Provider\CustomerLogoPlugin" sortOrder="10" />
    </type>
    <type name="Magento\Framework\App\Request\CsrfValidator">
        <plugin name="pslogin_csrf_validation" type="Plumrocket\SocialLoginPro\Plugin\Magento\CsrfValidatorPlugin" sortOrder="10" />
    </type>
</config>
