<?xml version="1.0"?>
<!--
/**
 * Plumrocket Inc.
 *
 * NOTICE OF LICENSE
 *
 * This source file is subject to the End-user License Agreement
 * that is available through the world-wide-web at this URL:
 * http://wiki.plumrocket.net/wiki/EULA
 * If you are unable to obtain it through the world-wide-web, please
 * send an email to support@plumrocket.com so we can send you a copy immediately.
 *
 * @package     Plumrocket_SocialLoginPro
 * @copyright   Copyright (c) 2017 Plumrocket Inc. (http://www.plumrocket.com)
 * @license     http://wiki.plumrocket.net/wiki/EULA  End-user License Agreement
 */
-->
<config xmlns:xsi="http://www.w3.org/2001/XMLSchema-instance" xsi:noNamespaceSchemaLocation="urn:magento:framework:Event/etc/events.xsd">
    <event name="customer_login">
        <observer name="pslogin_observer" instance="Plumrocket\SocialLoginPro\Observer\LoginObserver" />
    </event>
    <event name="customer_register_success">
        <observer name="pslogin_observer" instance="Plumrocket\SocialLoginPro\Observer\RegistrationSuccessObserver" />
    </event>
    <event name="customer_logout">
        <observer name="pslogin_observer" instance="Plumrocket\SocialLoginPro\Observer\LogoutObserver" />
    </event>
</config>
