<?xml version="1.0"?>
<!--
/**
 * Plumrocket Inc.
 *
 * NOTICE OF LICENSE
 *
 * This source file is subject to the End-user License Agreement
 * that is available through the world-wide-web at this URL:
 * http://wiki.plumrocket.net/wiki/EULA
 * If you are unable to obtain it through the world-wide-web, please
 * send an email to support@plumrocket.com so we can send you a copy immediately.
 *
 * @package     Plumrocket_SocialLoginPro
 * @copyright   Copyright (c) 2020 Plumrocket Inc. (http://www.plumrocket.com)
 * @license     http://wiki.plumrocket.net/wiki/EULA  End-user License Agreement
 */
-->
<csp_whitelist xmlns:xsi="http://www.w3.org/2001/XMLSchema-instance" xsi:noNamespaceSchemaLocation="urn:magento:module:Magento_Csp:etc/csp_whitelist.xsd">
    <policies>
        <policy id="script-src">
            <values>
                <value id="accountsgoogle" type="host">https://accounts.google.com</value>
            </values>
        </policy>
        <policy id="connect-src">
            <values>
                <value id="accountsgoogle" type="host">https://accounts.google.com</value>
            </values>
        </policy>
        <policy id="style-src">
            <values>
                <value id="accountsgoogle" type="host">https://accounts.google.com</value>
            </values>
        </policy>
        <policy id="frame-src">
            <values>
                <value id="accountsgoogle" type="host">https://accounts.google.com</value>
            </values>
        </policy>
    </policies>
</csp_whitelist>
