<?xml version="1.0"?>
<!--
/**
 * Plumrocket Inc.
 *
 * NOTICE OF LICENSE
 *
 * This source file is subject to the End-user License Agreement
 * that is available through the world-wide-web at this URL:
 * http://wiki.plumrocket.net/wiki/EULA
 * If you are unable to obtain it through the world-wide-web, please
 * send an email to support@plumrocket.com so we can send you a copy immediately.
 *
 * @package     Plumrocket_SocialLoginPro
 * @copyright   Copyright (c) 2019 Plumrocket Inc. (http://www.plumrocket.com)
 * @license     http://wiki.plumrocket.net/wiki/EULA  End-user License Agreement
 */
-->
<config xmlns:xsi="http://www.w3.org/2001/XMLSchema-instance" xsi:noNamespaceSchemaLocation="urn:magento:framework:ObjectManager/etc/config.xsd">
    <preference for="Plumrocket\SocialLoginPro\Api\CustomerNetworksManagerInterface" type="Plumrocket\SocialLoginPro\Model\Customer\Networks\Manager" />
    <preference for="Plumrocket\SocialLoginPro\Model\AccountProviderInterface" type="Plumrocket\SocialLoginPro\Model\Provider\Account" />
    <preference for="Plumrocket\SocialLoginPro\Api\TypesProviderInterface" type="Plumrocket\SocialLoginPro\Model\Provider\Types" />
    <preference for="Plumrocket\SocialLoginPro\Api\Buttons\ProviderInterface" type="Plumrocket\SocialLoginPro\Model\Buttons\Provider\DefaultList" />
    <preference for="Plumrocket\SocialLoginPro\Model\Network\ApiCallParamsPersistorInterface" type="Plumrocket\SocialLoginPro\Model\Network\ApiCallParamsPersistor" />
    <type name="Plumrocket\SocialLoginPro\Model\Network\ApiCallParamsPersistor">
        <arguments>
            <argument name="customerSession" xsi:type="object">Magento\Customer\Model\Session\Proxy</argument>
        </arguments>
    </type>
    <type name="Plumrocket\SocialLoginPro\Helper\Data">
        <arguments>
            <argument name="customerSession" xsi:type="object">Magento\Customer\Model\Session\Proxy</argument>
        </arguments>
    </type>
    <type name="Plumrocket\SocialLoginPro\Model\Account">
        <arguments>
            <argument name="customerSession" xsi:type="object">Magento\Customer\Model\Session\Proxy</argument>
        </arguments>
    </type>
    <type name="Plumrocket\AdvancedReviewAndReminder\Model\Provider\SocialButtons">
        <plugin name="addSocialButtons" type="\Plumrocket\SocialLoginPro\Plugin\AdvancedReviewAndReminder\Model\Provider\SocialButtonsPlugin" sortOrder="10" />
    </type>
    <type name="Plumrocket\SocialLoginPro\Model\Config\Backend\File\Apple\Key">
       <arguments>
           <argument name="driver" xsi:type="object">Magento\Framework\Filesystem\Driver\File</argument>
       </arguments>
    </type>
    <type name="Plumrocket\SocialLoginPro\Model\Token\Apple">
       <arguments>
           <argument name="driver" xsi:type="object">Magento\Framework\Filesystem\Driver\File</argument>
       </arguments>
    </type>
    <type name="Plumrocket\SocialLoginPro\Model\Token\Jwk">
        <arguments>
            <argument name="jwkProviders" xsi:type="array">
                <item name="googleonetap" xsi:type="object">Plumrocket\SocialLoginPro\Model\Token\GoogleOneTap\Proxy</item>
            </argument>
        </arguments>
    </type>
    <type name="Plumrocket\CookieConsent\Api\KnownCookieRegistryInterface">
        <arguments>
            <argument name="list" xsi:type="array">
                <item name="pslogin_show_popup" xsi:type="array">
                    <item name="category_key" xsi:type="string">necessary</item>
                    <item name="type" xsi:type="string">first</item>
                    <item name="duration" xsi:type="const">Plumrocket\SocialLoginPro\Helper\Data::COOKIE_DURATION</item>
                    <item name="description" xsi:type="string">Plumrocket Social Login Pro Cookie. Show share popup.</item>
                </item>
                <item name="pslogin_show_linkpopup" xsi:type="array">
                    <item name="category_key" xsi:type="string">necessary</item>
                    <item name="type" xsi:type="string">first</item>
                    <item name="duration" xsi:type="const">Plumrocket\SocialLoginPro\Helper\Data::COOKIE_DURATION</item>
                    <item name="description" xsi:type="string">Plumrocket Social Login Pro Cookie. Show link reminder popup.</item>
                </item>
                <item name="pslogin_disable_one_tap_auto_sign_in" xsi:type="array">
                    <item name="category_key" xsi:type="string">necessary</item>
                    <item name="type" xsi:type="string">first</item>
                    <item name="duration" xsi:type="const">Plumrocket\SocialLoginPro\Observer\LogoutObserver::COOKIE_DURATION</item>
                    <item name="description" xsi:type="string">Plumrocket Social Login Pro Cookie. Disable google one tap automatic sign in.</item>
                </item>
                <item name="g_state" xsi:type="array">
                    <item name="category_key" xsi:type="string">necessary</item>
                    <item name="type" xsi:type="string">first</item>
                    <item name="duration" xsi:type="string">15768000</item>
                    <item name="description" xsi:type="string">Google One-Tap Cookie.</item>
                </item>
            </argument>
        </arguments>
    </type>
</config>
