<?xml version="1.0"?>
<!--
/**
 * Plumrocket Inc.
 *
 * NOTICE OF LICENSE
 *
 * This source file is subject to the End-user License Agreement
 * that is available through the world-wide-web at this URL:
 * http://wiki.plumrocket.net/wiki/EULA
 * If you are unable to obtain it through the world-wide-web, please
 * send an email to support@plumrocket.com so we can send you a copy immediately.
 *
 * @package     Plumrocket_Popuplogin
 * @copyright   Copyright (c) 2015 Plumrocket Inc. (http://www.plumrocket.com)
 * @license     http://wiki.plumrocket.net/wiki/EULA  End-user License Agreement
 */
-->
<config xmlns:xsi="http://www.w3.org/2001/XMLSchema-instance" xsi:noNamespaceSchemaLocation="urn:magento:framework:ObjectManager/etc/config.xsd">
    <type name="Magento\Customer\Model\Address\AbstractAddress">
        <plugin name="prpopuplogin_address_validate" type="Plumrocket\Popuplogin\Plugin\AddressValidatePlugin" />
    </type>
    <type name="Magento\Framework\Validator\Factory">
        <plugin name="prpopuplogin_validate" type="Plumrocket\Popuplogin\Plugin\ValidatePlugin" />
    </type>
    <type name="Magento\Captcha\Model\Checkout\ConfigProvider">
        <plugin name="prpopuplogin_captcha_config_provider" type="Plumrocket\Popuplogin\Plugin\Captcha\Checkout\ConfigProvider" />
    </type>
    <type name="Magento\Captcha\Helper\Data">
        <plugin name="prpopuplogin_add_form_ids_to_config" type="Plumrocket\Popuplogin\Plugin\Captcha\Helper\Data" />
    </type>

    <type name="Magento\Customer\Controller\Ajax\Login">
        <plugin name="configurable_product" type="Plumrocket\Popuplogin\Plugin\Captcha\AjaxLogin" sortOrder="50" />
    </type>

    <type name="Plumrocket\Popuplogin\Controller\Ajax\Register">
        <plugin name="plumrocket_register" type="Plumrocket\Popuplogin\Plugin\Captcha\AjaxRegister" sortOrder="1" />
    </type>
    <type name="Plumrocket\Popuplogin\Plugin\Captcha\AjaxRegister">
        <arguments>
            <argument name="formIds" xsi:type="array">
                <item name="prpl_registration_form" xsi:type="string">prpl_registration_form</item>
            </argument>
        </arguments>
    </type>

    <type name="Plumrocket\Popuplogin\Controller\Ajax\Forgot">
        <plugin name="plumrocket_forgotpassword" type="Plumrocket\Popuplogin\Plugin\Captcha\AjaxForgot" sortOrder="10" />
    </type>
    <type name="Plumrocket\Popuplogin\Plugin\Captcha\AjaxForgot">
        <arguments>
            <argument name="formIds" xsi:type="array">
                <item name="prpl_forgotpassword_form" xsi:type="string">prpl_forgotpassword_form</item>
            </argument>
        </arguments>
    </type>
    
    <!-- Integration with PrivateSale 5.0.0 -->
    <type name="Plumrocket\PrivateSale\Model\Integration\PopupLogin">
        <arguments>
            <argument name="model" xsi:type="object">Plumrocket\Popuplogin\Helper\Data</argument>
        </arguments>
    </type>
</config>
