<?xml version="1.0" encoding="UTF-8"?>
<!--
/**
 *  BSS Commerce Co.
 *
 *  NOTICE OF LICENSE
 *
 *  This source file is subject to the EULA
 *  that is bundled with this package in the file LICENSE.txt.
 *  It is also available through the world-wide-web at this URL:
 *  http://bsscommerce.com/Bss-Commerce-License.txt
 *
 * @category    BSS
 * @package     BSS_GiftCardGraphQl
 * @author      Extension Team
 * @copyright   Copyright © 2020 BSS Commerce Co. ( http://bsscommerce.com )
 * @license     http://bsscommerce.com/Bss-Commerce-License.txt
 */
-->
<config xmlns:xsi="http://www.w3.org/2001/XMLSchema-instance" xsi:noNamespaceSchemaLocation="urn:magento:framework:ObjectManager/etc/config.xsd">
    <type name="Magento\QuoteGraphQl\Model\Resolver\CartItemTypeResolver">
        <arguments>
            <argument name="supportedTypes" xsi:type="array">
                <item name="bss_giftcard" xsi:type="string">BssGiftCardItem</item>
            </argument>
        </arguments>
    </type>
</config>
