<?xml version="1.0"?>
<!-- 
/**
* Copyright © 2015 PlazaThemes.com. All rights reserved.

* @author PlazaThemes Team <contact@plazathemes.com>
*/
-->
<config xmlns:xsi="http://www.w3.org/2001/XMLSchema-instance" xsi:noNamespaceSchemaLocation="urn:magento:framework:Acl/etc/acl.xsd">
	<acl>
	    <resources>
			<resource id="Magento_Backend::admin">
	        	<resource id="Plazathemes_Hozmegamenu::hozmegamenu" title="Plazathemes" sortOrder="40">
	        	    <resource id="Plazathemes_Themeoptions::themeoptions" title="Themeoptions" sortOrder="10">
	        	        <resource id="Plazathemes_Themeoptions::settings" title="Settings" sortOrder="10" />
	        	    </resource>
	        	</resource>
	           <resource id="Magento_Backend::stores">
	                <resource id="Magento_Backend::stores_settings">
	                    <resource id="Magento_Config::config">
	                        <resource id="plazathemes_themeoptions::config" title="Themeoptions" />
	                    </resource>
	                </resource>
	            </resource>
	        </resource>
	    </resources>
	</acl>
</config>
